z,theta,a
0.5,0.076039,0.6666666667
0.7,0.057347,0.5882352941
0.9,0.04708,0.5263157895
1.1,0.040617,0.4761904762
1.3,0.036187,0.4347826087
1.5,0.032966,0.4
1.7,0.030519,0.3703703704
1.9,0.028599,0.3448275862